{
  "project_info": {
    "project_number": "100026815622",
    "project_id": "simple-ride-2",
    "storage_bucket": "simple-ride-2.appspot.com"
  },
  "client": [
    {
      "client_info": {
        "mobilesdk_app_id": "1:100026815622:android:6c3b9830bd6201a9e0ed07",
        "android_client_info": {
          "package_name": "com.example.simpleride"
        }
      },
      "oauth_client": [
        {
          "client_id": "100026815622-s8tinpu0ok4kov6g6c6qgi8jd0gll9js.apps.googleusercontent.com",
          "client_type": 1,
          "android_info": {
            "package_name": "com.example.simpleride",
            "certificate_hash": "1f026eee2f5b4b8853ecdf23504d0ab417f066e7"
          }
        },
        {
          "client_id": "100026815622-0lc5t64sss4c1gcn27hipq6o5u54hpi2.apps.googleusercontent.com",
          "client_type": 3
        }
      ],
      "api_key": [
        {
          "current_key": "AIzaSyBTDfckYqeTrzy_w0GZtdWJw3XwwCK8Tr8"
        }
      ],
      "services": {
        "appinvite_service": {
          "other_platform_oauth_client": [
            {
              "client_id": "100026815622-0lc5t64sss4c1gcn27hipq6o5u54hpi2.apps.googleusercontent.com",
              "client_type": 3
            }
          ]
        }
      }
    }
  ],
  "configuration_version": "1"
}